model	loss	lora	dataset	seed	batch	guide	margin
all-mpnet-base-v2	gist	0	senticse	42	32	Alibaba-NLP/gte-modernbert-base	0
all-mpnet-base-v2	gist	0	topicgpt/Llama-3.1-8B-Instruct/seed	42	32	Alibaba-NLP/gte-modernbert-base	0
all-mpnet-base-v2	gist	8	senticse	42	32	Alibaba-NLP/gte-modernbert-base	0
all-mpnet-base-v2	gist	8	topicgpt/Llama-3.1-8B-Instruct/seed	42	32	Alibaba-NLP/gte-modernbert-base	0
all-mpnet-base-v2	gist	32	senticse	42	32	Alibaba-NLP/gte-modernbert-base	0
all-mpnet-base-v2	gist	32	topicgpt/Llama-3.1-8B-Instruct/seed	42	32	Alibaba-NLP/gte-modernbert-base	0
all-mpnet-base-v2	mnrl	0	simcse	42	32	Alibaba-NLP/gte-modernbert-base	0
all-mpnet-base-v2	mnrl	0	senticse	42	32	Alibaba-NLP/gte-modernbert-base	0
all-mpnet-base-v2	mnrl	0	topicgpt/Llama-3.1-8B-Instruct/seed	42	32	Alibaba-NLP/gte-modernbert-base	0
all-mpnet-base-v2	mnrl	8	simcse	42	32	Alibaba-NLP/gte-modernbert-base	0
all-mpnet-base-v2	mnrl	8	senticse	42	32	Alibaba-NLP/gte-modernbert-base	0
all-mpnet-base-v2	mnrl	8	topicgpt/Llama-3.1-8B-Instruct/seed	42	32	Alibaba-NLP/gte-modernbert-base	0
all-mpnet-base-v2	mnrl	32	simcse	42	32	Alibaba-NLP/gte-modernbert-base	0
all-mpnet-base-v2	mnrl	32	senticse	42	32	Alibaba-NLP/gte-modernbert-base	0
all-mpnet-base-v2	mnrl	32	topicgpt/Llama-3.1-8B-Instruct/seed	42	32	Alibaba-NLP/gte-modernbert-base	0
all-mpnet-base-v2	gist	0	senticse	128	32	Alibaba-NLP/gte-modernbert-base	0
all-mpnet-base-v2	gist	0	topicgpt/Llama-3.1-8B-Instruct/seed	128	32	Alibaba-NLP/gte-modernbert-base	0
all-mpnet-base-v2	gist	8	senticse	128	32	Alibaba-NLP/gte-modernbert-base	0
all-mpnet-base-v2	gist	8	topicgpt/Llama-3.1-8B-Instruct/seed	128	32	Alibaba-NLP/gte-modernbert-base	0
all-mpnet-base-v2	gist	32	senticse	128	32	Alibaba-NLP/gte-modernbert-base	0
all-mpnet-base-v2	gist	32	topicgpt/Llama-3.1-8B-Instruct/seed	128	32	Alibaba-NLP/gte-modernbert-base	0
all-mpnet-base-v2	mnrl	0	simcse	128	32	Alibaba-NLP/gte-modernbert-base	0
all-mpnet-base-v2	mnrl	0	senticse	128	32	Alibaba-NLP/gte-modernbert-base	0
all-mpnet-base-v2	mnrl	0	topicgpt/Llama-3.1-8B-Instruct/seed	128	32	Alibaba-NLP/gte-modernbert-base	0
all-mpnet-base-v2	mnrl	8	simcse	128	32	Alibaba-NLP/gte-modernbert-base	0
all-mpnet-base-v2	mnrl	8	senticse	128	32	Alibaba-NLP/gte-modernbert-base	0
all-mpnet-base-v2	mnrl	8	topicgpt/Llama-3.1-8B-Instruct/seed	128	32	Alibaba-NLP/gte-modernbert-base	0
all-mpnet-base-v2	mnrl	32	simcse	128	32	Alibaba-NLP/gte-modernbert-base	0
all-mpnet-base-v2	mnrl	32	senticse	128	32	Alibaba-NLP/gte-modernbert-base	0
all-mpnet-base-v2	mnrl	32	topicgpt/Llama-3.1-8B-Instruct/seed	128	32	Alibaba-NLP/gte-modernbert-base	0
all-mpnet-base-v2	gist	0	senticse	256	32	Alibaba-NLP/gte-modernbert-base	0
all-mpnet-base-v2	gist	0	topicgpt/Llama-3.1-8B-Instruct/seed	256	32	Alibaba-NLP/gte-modernbert-base	0
all-mpnet-base-v2	gist	8	senticse	256	32	Alibaba-NLP/gte-modernbert-base	0
all-mpnet-base-v2	gist	8	topicgpt/Llama-3.1-8B-Instruct/seed	256	32	Alibaba-NLP/gte-modernbert-base	0
all-mpnet-base-v2	gist	32	senticse	256	32	Alibaba-NLP/gte-modernbert-base	0
all-mpnet-base-v2	gist	32	topicgpt/Llama-3.1-8B-Instruct/seed	256	32	Alibaba-NLP/gte-modernbert-base	0
all-mpnet-base-v2	mnrl	0	simcse	256	32	Alibaba-NLP/gte-modernbert-base	0
all-mpnet-base-v2	mnrl	0	senticse	256	32	Alibaba-NLP/gte-modernbert-base	0
all-mpnet-base-v2	mnrl	0	topicgpt/Llama-3.1-8B-Instruct/seed	256	32	Alibaba-NLP/gte-modernbert-base	0
all-mpnet-base-v2	mnrl	8	simcse	256	32	Alibaba-NLP/gte-modernbert-base	0
all-mpnet-base-v2	mnrl	8	senticse	256	32	Alibaba-NLP/gte-modernbert-base	0
all-mpnet-base-v2	mnrl	8	topicgpt/Llama-3.1-8B-Instruct/seed	256	32	Alibaba-NLP/gte-modernbert-base	0
all-mpnet-base-v2	mnrl	32	simcse	256	32	Alibaba-NLP/gte-modernbert-base	0
all-mpnet-base-v2	mnrl	32	senticse	256	32	Alibaba-NLP/gte-modernbert-base	0
all-mpnet-base-v2	mnrl	32	topicgpt/Llama-3.1-8B-Instruct/seed	256	32	Alibaba-NLP/gte-modernbert-base	0
